{
    "name": "tiles.mbtiles", 
    "format": "pbf", 
    "description": "tiles.mbtiles", 
    "json": "{\"vector_layers\": [ { \"id\": \"vezniobcespojenegeojson\", \"description\": \"\", \"minzoom\": 0, \"maxzoom\": 11, \"fields\": {\"dete\": \"Number\", \"i\": \"Number\", \"muzi\": \"Number\", \"muzu\": \"Number\", \"n\": \"String\", \"okres\": \"String\", \"pct\": \"Number\", \"pocobyv\": \"Number\", \"trest\": \"Number\", \"vazba\": \"Number\", \"veznu\": \"Number\", \"zen\": \"Number\", \"zeny\": \"Number\"} } ],\"tilestats\": {\"layerCount\": 1,\"layers\": [{\"layer\": \"vezniobcespojenegeojson\",\"count\": 6258,\"geometry\": \"Polygon\",\"attributeCount\": 13,\"attributes\": [{\"attribute\": \"dete\",\"count\": 8,\"type\": \"number\",\"values\": [0,1,10,2,3,4,5,6],\"min\": 0.000000,\"max\": 10.000000},{\"attribute\": \"i\",\"count\": 1000,\"type\": \"number\",\"values\": [500011,500020,500046,500062,500071,500101,500127,500135,500151,500160,500194,500259,500291,500496,500526,500623,500801,500852,500861,500879,501476,501646,501751,501794,501841,502146,502235,502405,502545,502839,503142,503304,503410,503444,503622,503657,503738,503916,503941,504246,504301,504441,504505,504785,504807,504921,504955,505005,505013,505030,505081,505099,505111,505145,505161,505188,505218,505269,505293,505366,505391,505501,505528,505587,505609,505650,505668,505781,505862,505927,506192,506214,506320,506451,506460,506486,506494,506621,506664,506699,506702,506711,506729,506737,506753,506761,506770,507016,507091,507105,507113,507181,507237,507261,507270,507334,507377,507423,507458,507504],\"min\": 500011.000000,\"max\": 599999.000000},{\"attribute\": \"muzi\",\"count\": 1000,\"type\": \"number\",\"values\": [0,100,10014,1002,1004,1005,10052,1006,1007,1008,1009,101,1010,1011,1012,1015,10156,1017,10182,10185,102,1020,1021,10231,1024,1026,1028,103,1031,1034,1035,1037,1038,1039,104,1040,1045,1048,1049,105,1054,1055,1056,1059,106,1061,1062,1063,1065,1066,1069,107,10717,10752,1077,1078,1079,108,1081,1083,1087,109,1092,10925,1099,110,11008,1101,1103,1105,1106,1108,111,1111,1112,1115,1117,1118,1119,112,1121,1122,1123,11239,1125,11253,113,1130,1133,11331,1134,1136,11362,1138,1139,114,1140,1142,11428,1146],\"min\": 0.000000,\"max\": 629550.000000},{\"attribute\": \"muzu\",\"count\": 90,\"type\": \"number\",\"values\": [0,1,10,100,102,105,107,1072,11,110,118,12,121,13,137,14,15,151,156,16,1685,17,172,18,181,19,198,2,20,202,21,216,22,23,24,243,247,25,256,26,262,27,28,29,3,30,31,32,33,336,34,35,36,37,38,39,4,40,42,43,46,47,482,49,5,50,51,54,55,56,58,59,6,62,63,68,7,70,71,72,75,8,83,86,89,9,90,91,935,94],\"min\": 0.000000,\"max\": 1685.000000},{\"attribute\": \"n\",\"count\": 1000,\"type\": \"string\",\"values\": [\"Abertamy\",\"Adamov\",\"Adr\u0161pach\",\"Albrechtice\",\"Albrechtice nad Orlic\u00ed\",\"Albrechtice nad Vltavou\",\"Albrechtice v Jizersk\u00fdch hor\u00e1ch\",\"Albrechti\u010dky\",\"Alojzov\",\"And\u011blsk\u00e1 Hora\",\"Anensk\u00e1 Stud\u00e1nka\",\"Archlebov\",\"Arne\u0161tovice\",\"Arnolec\",\"Arnoltice\",\"A\u0161\",\"Babice\",\"Babice nad Svitavou\",\"Babice u Rosic\",\"Babylon\",\"Bakov nad Jizerou\",\"Baliny\",\"Balkova Lhota\",\"Bantice\",\"Ban\u00edn\",\"Barchov\",\"Barchovice\",\"Bartou\u0161ov\",\"Barto\u0161ovice\",\"Barto\u0161ovice v Orlick\u00fdch hor\u00e1ch\",\"Batelov\",\"Bat\u0148ovice\",\"Bavorov\",\"Bavory\",\"Bavoryn\u011b\",\"Ba\u010dalky\",\"Ba\u010det\u00edn\",\"Ba\u010dice\",\"Ba\u010dkov\",\"Ba\u010dkovice\",\"Ba\u0159ice-Velk\u00e9 T\u011b\u0161any\",\"Ba\u0161ka\",\"Ba\u0161nice\",\"Ba\u0161\u0165\",\"Bden\u011bves\",\"Bd\u00edn\",\"Bechl\u00edn\",\"Bechyn\u011b\",\"Bediho\u0161\u0165\",\"Bedn\u00e1rec\",\"Bedn\u00e1re\u010dek\",\"Bed\u0159ichov\",\"Benecko\",\"Benetice\",\"Bene\u0161ov\",\"Bene\u0161ov nad Plou\u010dnic\u00ed\",\"Bene\u0161ov nad \u010cernou\",\"Bene\u0161ov u Semil\",\"Bene\u0161ovice\",\"Ben\u00e1tky\",\"Ben\u00e1tky nad Jizerou\",\"Bernardov\",\"Bernartice\",\"Bernartice nad Odrou\",\"Beroun\",\"Besednice\",\"Bezdru\u017eice\",\"Bezd\u011bdovice\",\"Bezd\u011bkov\",\"Bezd\u011bkov nad Metuj\u00ed\",\"Bezd\u011bkov pod T\u0159em\u0161\u00ednem\",\"Bezd\u011bz\",\"Bezd\u011b\u010d\u00ed u Trn\u00e1vky\",\"Bezkov\",\"Bezm\u011brov\",\"Bezno\",\"Bezuchov\",\"Bezv\u011brov\",\"Be\u010dice\",\"Be\u010dov\",\"Be\u010dov nad Teplou\",\"Be\u010dv\u00e1ry\",\"Be\u0148ov\",\"Be\u0159ovice\",\"Biskoupky\",\"Biskupice\",\"Biskupice-Pulkov\",\"Bitozeves\",\"Bi\u0159kov\",\"Blann\u00e9\",\"Blansko\",\"Blatce\",\"Blatec\",\"Blatnice\",\"Blatnice pod Svat\u00fdm Anton\u00ednkem\",\"Blatni\u010dka\",\"Blatno\",\"Blatn\u00e1\",\"Blazice\",\"Bla\u017eejov\"]},{\"attribute\": \"okres\",\"count\": 77,\"type\": \"string\",\"values\": [\"Bene\u0161ov\",\"Beroun\",\"Blansko\",\"Brno-m\u011bsto\",\"Brno-venkov\",\"Brunt\u00e1l\",\"B\u0159eclav\",\"Cheb\",\"Chomutov\",\"Chrudim\",\"Doma\u017elice\",\"D\u011b\u010d\u00edn\",\"Fr\u00fddek-M\u00edstek\",\"Havl\u00ed\u010dk\u016fv Brod\",\"Hlavn\u00ed m\u011bsto Praha\",\"Hodon\u00edn\",\"Hradec Kr\u00e1lov\u00e9\",\"Jablonec nad Nisou\",\"Jesen\u00edk\",\"Jihlava\",\"Jind\u0159ich\u016fv Hradec\",\"Ji\u010d\u00edn\",\"Karlovy Vary\",\"Karvin\u00e1\",\"Kladno\",\"Klatovy\",\"Kol\u00edn\",\"Krom\u011b\u0159\u00ed\u017e\",\"Kutn\u00e1 Hora\",\"Liberec\",\"Litom\u011b\u0159ice\",\"Louny\",\"Mlad\u00e1 Boleslav\",\"Most\",\"M\u011bln\u00edk\",\"Nov\u00fd Ji\u010d\u00edn\",\"Nymburk\",\"N\u00e1chod\",\"Olomouc\",\"Opava\",\"Ostrava-m\u011bsto\",\"Pardubice\",\"Pelh\u0159imov\",\"Plze\u0148-jih\",\"Plze\u0148-m\u011bsto\",\"Plze\u0148-sever\",\"Prachatice\",\"Praha-v\u00fdchod\",\"Praha-z\u00e1pad\",\"Prost\u011bjov\",\"P\u00edsek\",\"P\u0159erov\",\"P\u0159\u00edbram\",\"Rakovn\u00edk\",\"Rokycany\",\"Rychnov nad Kn\u011b\u017enou\",\"Semily\",\"Sokolov\",\"Strakonice\",\"Svitavy\",\"Tachov\",\"Teplice\",\"Trutnov\",\"T\u00e1bor\",\"T\u0159eb\u00ed\u010d\",\"Uhersk\u00e9 Hradi\u0161t\u011b\",\"Vset\u00edn\",\"Vy\u0161kov\",\"Zl\u00edn\",\"Znojmo\",\"\u00dast\u00ed nad Labem\",\"\u00dast\u00ed nad Orlic\u00ed\",\"\u010cesk\u00e1 L\u00edpa\",\"\u010cesk\u00e9 Bud\u011bjovice\",\"\u010cesk\u00fd Krumlov\",\"\u0160umperk\",\"\u017d\u010f\u00e1r nad S\u00e1zavou\"]},{\"attribute\": \"pct\",\"count\": 143,\"type\": \"number\",\"values\": [0.0,0.02,0.03,0.04,0.05,0.06,0.07,0.08,0.09,0.1,0.11,0.12,0.13,0.14,0.15,0.16,0.17,0.18,0.19,0.2,0.21,0.22,0.23,0.24,0.25,0.26,0.27,0.28,0.29,0.3,0.31,0.32,0.33,0.34,0.35,0.36,0.37,0.38,0.39,0.4,0.41,0.42,0.43,0.44,0.45,0.46,0.47,0.48,0.49,0.5,0.51,0.52,0.53,0.54,0.55,0.56,0.57,0.58,0.59,0.6,0.61,0.62,0.63,0.64,0.65,0.66,0.67,0.68,0.69,0.7,0.71,0.72,0.73,0.74,0.75,0.76,0.77,0.78,0.79,0.8,0.81,0.82,0.83,0.84,0.85,0.86,0.87,0.88,0.89,0.9,0.91,0.92,0.93,0.94,0.95,0.96,0.97,0.98,0.99,1.0],\"min\": 0.000000,\"max\": 3.080000},{\"attribute\": \"pocobyv\",\"count\": 1000,\"type\": \"number\",\"values\": [0,100,1000,10000,1002,1003,100494,1005,1006,10063,1007,1008,1009,101,1010,1011,10111,1012,1013,1014,1016,1018,1019,102,1020,1021,1022,1025,1026,1027,10278,1029,103,1030,1031,1034,1036,1037,1038,1039,10397,103979,104,1040,1042,1043,1044,1045,1046,1048,105,1050,1051,1052,1055,1056,1058,1059,106,1060,1061,1065,1066,1067,1068,1069,107,1073,1075,1077,1078,1079,108,1081,1082,10824,10835,1084,1085,1086,1087,1088,1089,109,1090,1091,10917,1093,1095,10981,110,1101,1102,1103,1104,1105,1106,1107,11088,1109],\"min\": 0.000000,\"max\": 1294513.000000},{\"attribute\": \"trest\",\"count\": 83,\"type\": \"number\",\"values\": [0,1,10,102,103,1076,11,110,115,118,12,13,136,14,146,15,159,16,17,1764,18,180,184,19,2,20,206,21,217,22,23,24,245,248,25,250,26,27,271,28,29,3,30,31,32,323,34,35,37,38,4,40,41,43,46,47,48,49,5,50,51,511,53,56,58,59,6,60,64,67,68,7,71,74,78,8,83,87,9,91,92,94,996],\"min\": 0.000000,\"max\": 1764.000000},{\"attribute\": \"vazba\",\"count\": 23,\"type\": \"number\",\"values\": [0,1,10,11,12,13,137,14,15,17,2,24,27,3,38,4,5,53,6,7,8,82,9],\"min\": 0.000000,\"max\": 137.000000},